<?xml version="1.0" encoding="UTF-8"?>
<project-private xmlns="http://www.netbeans.org/ns/project-private/1">
    <editor-bookmarks xmlns="http://www.netbeans.org/ns/editor-bookmarks/2" lastBookmarkId="0"/>
    <open-files xmlns="http://www.netbeans.org/ns/projectui-open-files/2">
        <group>
            <file>file:/C:/Users/aluno/Desktop/PW-ExemploLogin/PW-ExemploLogin/Controllers/logincontroller.class.php</file>
            <file>file:/C:/Users/aluno/Desktop/PW-ExemploLogin/PW-ExemploLogin/Controllers/usuariocontroller.class.php</file>
            <file>file:/C:/Users/aluno/Desktop/PW-ExemploLogin/PW-ExemploLogin/ADOs/adopdoabstract.class.php</file>
            <file>file:/C:/Users/aluno/Desktop/PW-ExemploLogin/PW-ExemploLogin/Modulos/usuario.php</file>
            <file>file:/C:/Users/aluno/Desktop/PW-ExemploLogin/PW-ExemploLogin/Modulos/endereco.php</file>
            <file>file:/C:/Users/aluno/Desktop/PW-ExemploLogin/PW-ExemploLogin/ADOs/matriculaado.class.php</file>
            <file>file:/C:/Users/aluno/Desktop/PW-ExemploLogin/PW-ExemploLogin/Views/enderecoview.class.php</file>
            <file>file:/C:/Users/aluno/Desktop/PW-ExemploLogin/PW-ExemploLogin/Views/usuarioview.class.php</file>
            <file>file:/C:/Users/aluno/Desktop/PW-ExemploLogin/PW-ExemploLogin/Controllers/enderecocontroller.class.php</file>
            <file>file:/C:/Users/aluno/Desktop/PW-ExemploLogin/PW-ExemploLogin/Models/matriculamodel.class.php</file>
            <file>file:/C:/Users/aluno/Desktop/PW-ExemploLogin/PW-ExemploLogin/ADOs/usuarioado.class.php</file>
            <file>file:/C:/Users/aluno/Desktop/PW-ExemploLogin/PW-ExemploLogin/Views/loginview.php</file>
            <file>file:/C:/Users/aluno/Desktop/PW-ExemploLogin/PW-ExemploLogin/ADOs/bdpdo.class.php</file>
        </group>
    </open-files>
</project-private>
